이름,사업,시추지역,종류,공수,상자칸,최대심도_m,시추년도,보고서,위도,경도,정밀도,찍은자리,비고
공주어천리지역우라늄광상조사,공주어천리지역우라늄광상조사,공주,우라늄,5,58,100.0,,있음,36.417,127.035,리,충남 공주시 우성면 어천리,
대전추부지역우라늄광상조사,대전추부지역우라늄광상조사,추부,우라늄,70,1038,460.0,,있음,36.19495,127.47598,읍면,충청남도 금산군 추부면,
대전요광지역우라늄광상조사,대전요광지역우라늄광상조사,요광,우라늄,5,76,280.0,,,36.21741,127.50145,리,충청남도 금산군 추부면 요광리 1,
충북진천지역우라늄광상조사,충북진천지역우라늄광상조사,진천,우라늄,6,120,230.0,,있음,36.85522,127.43578,시군,충청북도 진천군,
대전요광-성당지역우라늄광상조사,대전요광-성당지역우라늄광상조사,요광-성당,우라늄,10,216,370.0,,있음,36.23798,127.54427,리,충청남도 금산군 추부면 성당리 1,
대전소룡리지역우라늄광상조사,대전소룡리지역우라늄광상조사,소룡리,우라늄,20,312,280.0,,있음,36.09737,127.15164,리,충청남도 논산시 연무읍 소룡리 1,
대전삼괴지역우라늄광상조사,대전삼괴지역우라늄광상조사,삼괴,우라늄,18,207,220.0,,있음,36.24748,127.47453,읍면,대전광역시 동구 삼괴동,
대전콜남이지역우라늄광상조사,대전콜남이지역우라늄광상조사,콜남이,우라늄,44,667,350.0,,있음,36.327,127.434,추정,대전 동구,"콜남이를 찾지 못했다 — 사업명의 ""대전"" 만 믿고 대전 동구에 둔다"
삼척지역토륨광상조사,삼척지역토륨광상조사,사곡,우라늄,33,62,130.0,,있음,37.128,129.277,리,강원 삼척시 원덕읍 사곡리,
가평보납산지역우라늄광상조사,가평보납산지역우라늄광상조사,가평,우라늄,8,118,180.0,,,37.83855,127.51841,산,보납산,
전북진안지역우라늄광상조사,전북진안지역우라늄광상조사,진안,우라늄,4,12,350.0,,,35.79168,127.42478,시군,전북특별자치도 진안군,
보은지역탄전조사,보은지역탄전조사,보은,석탄,31,142,400.0,,,36.48929,127.73001,시군,충청북도 보은군,
편마암 암반 등 심부 지질특성 평가를 위한 지구과학적 조사,편마암 암반 등 심부 지질특성 평가를 위한 지구과학적 조사,창원,석재,1,159,753.5,,2024 예정,35.26617,128.62162,시군,경상남도 창원시 의창구 북동,
충남지역탄전조사,충남지역탄전조사,충남,석탄,81,164,450.0,,있음,36.33348,126.61251,시군,충청남도 보령시,충남탄전 — 보령에 둔다
남양주지역지하수기초조사,남양주지역지하수기초조사,남양주,지하수,81,162,110.0,,있음,37.63585,127.21693,시군,경기도 남양주시,
화산암 암반 등 심부 지질특성 평가를 위한 지구과학적 조사,화산암 암반 등 심부 지질특성 평가를 위한 지구과학적 조사,영암,석재,1,158,756.2,,2024 예정,34.80032,126.69704,시군,전남광주통합특별시 영암군,
영암지역지하수기초조사,영암지역지하수기초조사,영암,지하수,12,370,101.8,,있음,34.80032,126.69704,시군,전남광주통합특별시 영암군,
화산암 암반 등 심부 지질특성 평가를 위한 지구과학적 조사,화산암 암반 등 심부 지질특성 평가를 위한 지구과학적 조사,남원,석재,1,154,754.3,,2024 예정,35.4162,127.39045,시군,전북특별자치도 남원시,
임실지역지하수부존조사연구,임실지역지하수부존조사연구,임실,지하수,36,524,200.0,1995–1996,있음,35.61773,127.28907,시군,전북특별자치도 임실군,
편마암∙화산암 암반 등 심부 지질특성 평가를 위한 지구과학적 조사,편마암∙화산암 암반 등 심부 지질특성 평가를 위한 지구과학적 조사,하동,석재,1,152,753.1,2024,2024 예정,35.06728,127.7517,시군,경상남도 하동군,
1987년 조치원 지역 수리지질 조사연구,1987년 조치원 지역 수리지질 조사연구,조치원,,1,5,61.0,1987,있음,36.60458,127.29846,읍면,세종특별자치시  조치원읍,
1988년 조치원 지역 수리지질 조사연구,1988년 조치원 지역 수리지질 조사연구,조치원,,1,14,80.0,1987,,36.60458,127.29846,읍면,세종특별자치시  조치원읍,
1998년 강진지역 지하수 기존조사,1998년 강진지역 지하수 기존조사,강진,지하수,6,94,100.9,1998,있음,34.64214,126.76703,시군,전남광주통합특별시 강진군,
의성지역유전탐사,의성지역유전탐사,의성,석유,1,264,1530.0,1980,있음,36.35251,128.697,시군,경상북도 의성군,
남지지역유전탐사,남지지역유전탐사,남지,석유,1,131,,,,35.38907,128.47723,읍면,경상남도 창녕군 남지읍,
황산지역유전탐사,황산지역유전탐사,황산,석유,3,62,,1980–1999,있음,34.57692,126.43631,읍면,전남광주통합특별시 해남군 황산면,
해남지역유전탐사,해남지역유전탐사,해남,석유,1,11,,1980,있음,34.57303,126.5994,시군,전남광주통합특별시 해남군,
충주 희토류 광상탐사,충주 희토류 광상탐사,충주,희토류,4,169,400.0,2011,,36.99075,127.92596,시군,충청북도 충주시,
홍천 희토류 광상탐사,홍천 희토류 광상탐사,홍천,희토류,9,231,190.0,2011,,37.697,127.88876,시군,강원특별자치도 홍천군,
화강암반 심부 지질특성 평가를 위한 지구과학적 조사,화강암반 심부 지질특성 평가를 위한 지구과학적 조사,원주,석재,1,147,757.3,,있음,37.34128,127.91898,시군,강원특별자치도 원주시,
포천지역석재조사,포천지역석재조사,가락·동아·삼우,석재,159,318,70.0,,있음,37.89468,127.20027,시군,경기도 포천시,"""가락"" 는 채석장 이름으로 보인다 — 시·군에 둔다"
화강암반 심부 지질특성 평가를 위한 지구과학적 조사,화강암반 심부 지질특성 평가를 위한 지구과학적 조사,춘천,석재,1,150,751.2,,있음,37.88134,127.73013,시군,강원특별자치도 춘천시,
편마암반 등 심부 지질특성 평가를 위한 지구과학적 조사,편마암반 등 심부 지질특성 평가를 위한 지구과학적 조사,홍천,석재,1,158,761.6,,2024 예정,37.697,127.88876,시군,강원특별자치도 홍천군,
홍천 희토류 광상 탐사,홍천 희토류 광상 탐사,홍천,희토류,5,91,163.0,2011,,37.697,127.88876,시군,강원특별자치도 홍천군,
해남 천열수 금-은 광상,해남 천열수 금-은 광상,해남,금-은,1,42,250.0,2010,,34.57303,126.5994,시군,전남광주통합특별시 해남군,
원동 연-아연 광상탐사,원동 연-아연 광상탐사,원동,연-아연,2,279,1000.0,2010,,37.34951,128.94314,읍면,강원특별자치도 삼척시 하장면,
원동 텅스텐 광상탐사,원동 텅스텐 광상탐사,원동,텅스텐,8,330,500.0,2011,,37.34951,128.94314,읍면,강원특별자치도 삼척시 하장면,
전북장수지역석재조사,전북장수지역석재조사,동남,석재,49,98,70.0,,있음,35.64746,127.52123,시군,전북특별자치도 장수군,"""동남"" 는 채석장 이름으로 보인다 — 시·군에 둔다"
문경지역석재조사,문경지역석재조사,세진·고무치·원경,석재,182,366,105.0,,있음,36.58669,128.19093,시군,경상북도 문경시,"""세진"" 는 채석장 이름으로 보인다 — 시·군에 둔다"
이암암반 심부 지질특성 평가를 위한 지구과학적 조사,이암암반 심부 지질특성 평가를 위한 지구과학적 조사,진주,석재,1,171,754.3,,있음,35.18027,128.10812,시군,경상남도 진주시,
진안지역석재조사,진안지역석재조사,빅타·동인·영화,석재,161,328,80.0,,있음,35.79168,127.42478,시군,전북특별자치도 진안군,"""빅타"" 는 채석장 이름으로 보인다 — 시·군에 둔다"
유상광산,유상광산,충북 단양군 적성면,금속,5,16,166.0,1980,있음,36.96066,128.29302,읍면,충청북도 단양군 적성면,
평해녹정,평해녹정,경북 울진군 온정면(녹정리),금속,2,3,142.0,1979,있음,36.72407,129.34533,읍면,경상북도 울진군 온정면,
평해광산,평해광산,경북 울진군 평해면,금속,11,16,143.0,1979,,36.72807,129.44138,읍면,경상북도 울진군 평해읍,
충북 목계지역 (1979),(사업명 없음),충북 목계지역,금속,4,7,193.8,1979,,37.08132,127.89503,리,충청북도 충주시 엄정면 목계리 1,
삼동광산,삼동광산,경남 남해,금속,4,54,225.4,1979,,34.83111,128.00104,읍면,경상남도 남해군 삼동면,
흥신광산,흥신광산,전남 고흥군 포두면 동점리,금속,10,45,117.0,1977–1978,,34.57141,127.3407,읍면,전남광주통합특별시 고흥군 포두면,
쌍전중석,쌍전중석,경북 울진군 쌍전리,금속,9,106,62.0,1978,있음,36.95031,129.22002,리,경상북도 울진군 금강송면 쌍전리 1,
왕피연-아연,왕피연-아연,경북 울진군 서면 왕피리,금속,5,19,146.0,1978,,36.90558,129.32085,리,경상북도 울진군 금강송면 왕피리 1,
금산중석,금산중석,경북 울진군 금산면,금속,1,5,92.0,1978,,36.99289,129.40052,시군,경상북도 울진군,
평창옥령,평창옥령,강원도 평창군 평창면,금속,7,7,118.0,1978,있음,37.35887,128.38955,읍면,강원특별자치도 평창군 평창읍,
주천광산,주천광산,강원도 평창군 주천면,금속,4,8,124.0,1978,,37.27221,128.26911,읍면,강원특별자치도 영월군 주천면,
부상연-아연,부상연-아연,경북 청도군 청도읍 쇠실리,금속,2,5,8.0,1977,,35.674,128.792,마을,경북 청도군 청도읍 쇠실(VWorld 장소),
흥남광산,흥남광산,경북 경산군 남천면,금속,1,4,3.0,1977,있음,35.76667,128.72685,읍면,경상북도 경산시 남천면,
가라골철,가라골철,경북 청도군 매산면 가라골,금속,4,7,100.0,1976,있음,35.66703,128.85552,읍면,경상북도 청도군 매전면,
원동광산,원동광산,강원도 삼척군 하장면 원동리,금속,5,19,125.0,1976,,37.34951,128.94314,읍면,강원특별자치도 삼척시 하장면,
옥반동광산,옥반동광산,경남 함안군 여향면 여향리,금속,3,3,70.0,1976,있음,35.21047,128.4347,읍면,경상남도 함안군 여항면,
동남철산,동남철산,강원도 정선군 동면 무릉리,금속,4,17,125.0,1975,,37.269,128.81,리,강원 정선군 남면 무릉리,"원문은 ""동면 무릉리"" — 옛 동면(지금 화암면)에 무릉리가 없어 남면 무릉리로 찍었다"
강원도 정선군 신동면 천포리 (1975),(사업명 없음),강원도 정선군 신동면 천포리,금속,3,4,78.0,1975,,37.19591,128.65502,리,강원특별자치도 정선군 신동읍 천포리 1,
강원도 영월군 상동읍 유전리 (1975),(사업명 없음),강원도 영월군 상동읍 유전리,금속,5,7,31.0,1975,,37.11032,128.79126,읍면,강원특별자치도 영월군 상동읍,
영풍망간,영풍망간,충북 단양군 이상천면 영춘리,금속,2,9,67.0,1975,,37.07486,128.48649,읍면,충청북도 단양군 영춘면,
일광광산,일광광산,경남 동래군 일광면 정관리,금속,2,21,12.0,1975,있음,35.3256,129.18012,읍면,부산광역시 기장군 정관읍,
김천니켈,김천니켈,경북 김천시 교동리,금속,5,5,92.0,1974,,36.14381,128.10376,읍면,경상북도 김천시 교동,
영양자연동,영양자연동,경북 영양군 영양면 세천동,금속,16,23,,1973,,36.66708,129.11426,읍면,경상북도 영양군 영양읍,
금왕니켈,금왕니켈,충북 음성,금속,1,3,33.0,1979,,36.99239,127.58621,읍면,충청북도 음성군 금왕읍,
영덕광산,영덕광산,충북 중원군 산척면 영덕리,금속,4,5,17.0,1979,있음,37.07239,127.99448,리,충청북도 충주시 산척면 영덕리 1,
경북 감포 죽전리 (1979),(사업명 없음),경북 감포 죽전리,비금속,1,6,66.0,1979,있음,35.80741,129.50164,읍면,경상북도 경주시 감포읍,
경북 월성 양남 죽전리 (1979),(사업명 없음),경북 월성 양남 죽전리,비금속,3,8,68.0,1979,,35.807,129.502,읍면,경북 경주시 감포읍,"""양남 죽전리""·""감포 죽전리"" 가 함께 있다 — 감포읍에 둔다"
경북 월성 월천리 (1979),(사업명 없음),경북 월성 월천리,비금속,1,2,68.0,1979,,35.721,129.389,추정,경북 경주시 양남면 효동리 월천(경로당),
벤토나이트,벤토나이트,경북 월성 양남 하서리,비금속,3,4,40.0,1978,,35.68309,129.47207,리,경상북도 경주시 양남면 하서리 1,
충남 공주군 (1977),(사업명 없음),충남 공주군,비금속,5,5,85.0,1977,,36.44668,127.11934,시군,충청남도 공주시,
황산부곡명반석,황산부곡명반석,충남 공주군,비금속,11,22,68.0,1976–1977,,36.44668,127.11934,시군,충청남도 공주시,
황산부곡명반석,황산부곡명반석,전남 해남 황산 옥매,비금속,1,1,68.0,1975,,34.569,126.386,리,전남 해남군 황산면 옥동리,옥매산 자리
경기도 가평 금대리 (1976),(사업명 없음),경기도 가평 금대리,비금속,2,2,,1976,,37.75689,127.53668,리,경기도 가평군 가평읍 북한강변로 326-22,
독천명반석,독천명반석,전남 영암군 학산면 독천리,비금속,1,5,117.0,1973,,34.72635,126.57851,리,전남광주통합특별시 영암군 학산면 독천리 1-1,
가사도남부,가사도남부,전남 진도군 조도면 가사도리,비금속,1,5,121.0,1973,,34.47873,126.06478,리,전남광주통합특별시 진도군 조도면 가사도리 1,
마산화천리지역납석광상조사,마산화천리지역납석광상조사,화천,금속,82,82,150.0,,,35.298,128.614,추정,경남 창원시 의창구 북면 화천리,"사업명은 ""마산 화천리"" — 마산 쪽에서 못 찾아 옛 창원군 북면 화천리에 둔다"
경기포천지역닉켈광상조사,경기포천지역닉켈광상조사,포천,금속,2,2,100.0,,있음,37.89468,127.20027,시군,경기도 포천시,
영주지역석재조사,영주지역석재조사,신일,석재,44,88,59.0,,,36.80592,128.62394,시군,경상북도 영주시,"""신일"" 는 채석장 이름으로 보인다 — 시·군에 둔다"
포천지역석재조사,포천지역석재조사,창수,석재,27,54,80.0,,,37.99168,127.18906,읍면,경기도 포천시 창수면,
완주지역석재조사,완주지역석재조사,전주,석재,17,36,61.0,,,35.81662,127.14232,시군,전북특별자치도 전주시 완산구 중앙동1가,
문경지역석재조사,문경지역석재조사,갈평,석재,33,66,70.0,,,36.78448,128.20201,리,경상북도 문경시 문경읍 갈평리 1,
이암암반 심부 지질특성 평가를 위한 지구과학적 조사,이암암반 심부 지질특성 평가를 위한 지구과학적 조사,대구,석재,1,170,750.9,,있음,35.87216,128.60358,시군,대구광역시 중구 동인동1가,
포항지역심부지열조사,포항지역심부지열조사,포항,,4,228,2383.0,,있음,36.0992,129.36829,리,경상북도 포항시 북구 흥해읍 삼흥로501번길 36-8,
국내희유금속자원탐사(홍천),국내희유금속자원탐사(홍천),홍천,희유금속,2,175,501.8,,,37.697,127.88876,시군,강원특별자치도 홍천군,
국내희유금속자원탐사(충주),국내희유금속자원탐사(충주),충주,희유금속,11,526,300.8,,,36.99075,127.92596,시군,충청북도 충주시,
지례 (2002),(사업명 없음),지례,,8,23,,2002,,35.98479,128.02665,읍면,경상북도 김천시 지례면,
홍천 (2001–2002),(사업명 없음),홍천,,163,210,,2001–2002,,37.697,127.88876,시군,강원특별자치도 홍천군,
영광 (2001),(사업명 없음),영광,,9,34,,2001,,35.27715,126.51213,시군,전남광주통합특별시 영광군,
가사도천열수금광조사,가사도천열수금광조사,가사도,비금속,106,116,180.0,2002–2003,,34.47873,126.06478,리,전남광주통합특별시 진도군 조도면 가사도리 1,
서천 (2002),(사업명 없음),서천,,2,26,,2002,,36.08037,126.69155,시군,충청남도 서천군,
군산 (2002),(사업명 없음),군산,,2,29,,2002,,35.96752,126.73683,시군,전북특별자치도 군산시,
남원 (2002),(사업명 없음),남원,,5,57,,2002,,35.4162,127.39045,시군,전북특별자치도 남원시,
무주 (2001),(사업명 없음),무주,,52,81,,2001,,36.00708,127.66077,시군,전북특별자치도 무주군,
전주소양 (2001),(사업명 없음),전주소양,,15,15,,2001,,35.85416,127.22561,읍면,전북특별자치도 완주군 소양면,
전주덕진 (2001),(사업명 없음),전주덕진,,12,12,,2001,,35.82936,127.13452,읍면,전북특별자치도 전주시 덕진구,
곡성 (2000–2001),(사업명 없음),곡성,,38,38,,2000–2001,,35.28189,127.29212,시군,전남광주통합특별시 곡성군,
곡성삼기 (2001),(사업명 없음),곡성삼기,,12,12,,2001,,35.23594,127.21166,읍면,전남광주통합특별시 곡성군 삼기면,
곡성석곡 (2001),(사업명 없음),곡성석곡,,13,13,,2001,,35.13301,127.25412,읍면,전남광주통합특별시 곡성군 석곡면,
상관·완주상관 (2001),(사업명 없음),상관·완주상관,,31,31,,2001,,35.77172,127.20684,읍면,전북특별자치도 완주군 상관면,
완주 (2001),(사업명 없음),완주,,12,12,,2001,,35.90449,127.16194,시군,전북특별자치도 완주군,
전의 (2001),(사업명 없음),전의,,28,28,,2001,,36.6813,127.19586,읍면,세종특별자치시  전의면,
화순 (2000),(사업명 없음),화순,,2,22,,2000,,35.06452,126.98655,시군,전남광주통합특별시 화순군,
화순다덕 (2000),(사업명 없음),화순다덕,,1,9,,2000,,35.065,126.987,시군,전남 화순군,다덕을 못 찾아 화순군에 둔다
부여지포리 (2000),(사업명 없음),부여지포리,,27,27,,2000,,36.275,126.91,시군,충남 부여군,지포리를 못 찾아 부여군에 둔다
부여 (2000),(사업명 없음),부여,,9,9,,2000,,36.27543,126.90998,시군,충청남도 부여군,
고산 (2000),(사업명 없음),고산,,13,13,,2000,,35.97638,127.20534,읍면,전북특별자치도 완주군 고산면,
전주 (2000),(사업명 없음),전주,,26,26,,2000,,35.81662,127.14232,시군,전북특별자치도 전주시 완산구 중앙동1가,
가은 (1999),(사업명 없음),가은,,8,62,,1999,,36.64255,128.06207,읍면,경상북도 문경시 가은읍,
무극 (1999),(사업명 없음),무극,,12,12,,1999,,36.99236,127.59652,리,충청북도 음성군 금왕읍 무극로308번길 15,
신광 (1998),(사업명 없음),신광,,28,35,,1998,,36.13,129.26294,읍면,경상북도 포항시 북구 신광면,
시스템연구동뒷편·연구원내장비동 (1997),(사업명 없음),시스템연구동뒷편·연구원내장비동,,2,69,,1997,,36.37759,127.36232,연구원,대전광역시 유성구 과학로 124 (가정동),KIGAM 대전 본원 안 — 시험용 시추
충무미륵도금광조사,충무미륵도금광조사,미륵도,금속,14,449,500.0,,있음,34.80344,128.38622,읍면,경상남도 통영시 산양읍,
무주지역희유금속광상조사,무주지역희유금속광상조사,무주,금속,6,107,,,,36.00708,127.66077,시군,전북특별자치도 무주군,
양산지역금광조사,양산지역금광조사,밀양,금속,3,60,,,,35.50342,128.74654,시군,경상남도 밀양시,
양양지역희유금속광상조사,양양지역희유금속광상조사,양양,금속,3,67,,,,38.07554,128.61907,시군,강원특별자치도 양양군,
하동티타늄광상조사,하동티타늄광상조사,하동,금속,12,227,300.0,,있음,35.06728,127.7517,시군,경상남도 하동군,
마산화천리금광조사,마산화천리금광조사,화천,금속,2,117,350.0,,있음,35.298,128.614,추정,경남 창원시 의창구 북면 화천리,마산화천리 — 위와 같다
원동지역다중금속광상조사,원동지역다중금속광상조사,원동,금속,3,436,1000.0,,있음,37.34951,128.94314,읍면,강원특별자치도 삼척시 하장면,
철암지역은광상조사,철암지역은광상조사,철암,금속,12,14,250.0,,,37.11729,129.0398,읍면,강원특별자치도 태백시 철암동,
임계지역광화대조사,임계지역광화대조사,임계,금속,5,14,200.0,,,37.4947,128.85208,읍면,강원특별자치도 정선군 임계면,
강원도옥동지역동광조사,강원도옥동지역동광조사,옥동,금속,5,7,143.0,,,37.11595,128.58211,리,강원특별자치도 영월군 김삿갓면 옥동리 1,
충주어래산희유금속광상조사,충주어래산희유금속광상조사,어래산,금속,151,189,219.0,,있음,36.953,127.786,추정,충북 충주시 주덕읍 어래산길,충주의 어래산 — 길 이름으로 찍었다
홍천지역희유금속광상조사,홍천지역희유금속광상조사,홍천,금속,40,204,270.0,,,37.697,127.88876,시군,강원특별자치도 홍천군,
금산도장골지역,금산도장골지역,도장골,우라늄,12,186,420.0,,있음,36.115,127.46,마을,충남 금산 도장골(VWorld 장소),
보납산지역우라늄광상조사,보납산지역우라늄광상조사,보납산,우라늄,4,82,110.0,,있음,37.83855,127.51841,산,보납산,
경기도유명산지역우라늄광상조사,경기도유명산지역우라늄광상조사,유명산,우라늄,17,188,135.0,,있음,37.60162,127.49358,산,경기도 가평군 설악면 유명산길 1,
경기도중원산지역우라늄광상조사,경기도중원산지역우라늄광상조사,중원산,우라늄,10,184,155.0,,있음,37.51508,127.60421,산,경기도 양평군 용문면 중원산로 1,
월성지역불석광상조사,월성지역불석광상조사,미기입,비금속,7,28,100.0,,,35.85606,129.22496,시군,경상북도 경주시,"시추지역 ""미기입"" — 사업명의 땅이름으로 찍었다"
월성지역벤토나이트광상조사,월성지역벤토나이트광상조사,미기입,비금속,3,6,95.0,,,35.85606,129.22496,시군,경상북도 경주시,"시추지역 ""미기입"" — 사업명의 땅이름으로 찍었다"
창녕지역비금속광상조사,창녕지역비금속광상조사,미기입,비금속,3,12,100.0,,,35.54464,128.4921,시군,경상남도 창녕군,"시추지역 ""미기입"" — 사업명의 땅이름으로 찍었다"
구룡포지역불석광상조사,구룡포지역불석광상조사,미기입,비금속,9,124,110.0,,,35.98508,129.54614,읍면,경상북도 포항시 남구 구룡포읍,"시추지역 ""미기입"" — 사업명의 땅이름으로 찍었다"
"편마암, 화산암 암반 등 심부 지질특성 평가를 위한 지구과학적 조사","편마암, 화산암 암반 등 심부 지질특성 평가를 위한 지구과학적 조사",여수,석재,1,156,751.5,,2024 예정,34.76041,127.6628,시군,전남광주통합특별시 여수시,
전남 장흥군 안양면 당암리 (1977–1978),(사업명 없음),전남 장흥군 안양면 당암리,금속,12,125,1.0,1977–1978,있음,34.673,126.987,리,전남 장흥군 안양면 당암리,
활석광산,활석광산,충주일신동양활석,,11,19,,2006,있음,36.991,127.926,시군,충북 충주시,"시추지역 칸에 ""충주일신동양활석""(광산 이름) — 충주시에 둔다"
